id,career_category,career_name,al_stream_required,minimum_education_level,recommended_degree,alternative_path,entry_level_job,mid_level_job,senior_level_job,key_technical_skills,recommended_soft_skills,typical_university_subjects,certifications_or_extra_training,industry_growth_in_sri_lanka,global_demand_level,average_starting_salary_lkr,future_salary_range_lkr,remote_work_possibility,freelance_opportunity,automation_risk,job_description,career_difficulty,study_duration_years,local_job_availability,international_opportunity,recommended_first_step,career_tags
1,"Technology & IT","Software Architect",Maths;Technology,A/L,"BSc in Software Architect","External Diploma","Junior Software Architect","Senior Software Architect","Head of Software Architect","Python;Java;Cloud Computing;SQL;Git;Agile;System Design","Problem Solving;Adaptability;Teamwork;Communication","Programming;Data Structures;Operating Systems;Networking","AWS Certified;Azure Fundamentals;Google Cloud Professional",High,High,110000,"400,000-2,500,000","Very High","Very High",Low,"A specialized role as a Software Architect within the Technology & IT sector in Sri Lanka.","Very Hard",4,High,High,Degree,software;architect;technology;;it
2,"Technology & IT","Cybersecurity Analyst",Maths;Technology,A/L,"BSc in Cybersecurity Analyst","External Diploma","Junior Cybersecurity Analyst","Senior Cybersecurity Analyst","Head of Cybersecurity","Python;Java;Cloud Computing;SQL;Git;Agile;System Design","Problem Solving;Adaptability;Teamwork;Communication","Programming;Data Structures;Operating Systems;Networking","AWS Certified;Azure Fundamentals;Google Cloud Professional",High,High,110000,"400,000-2,500,000","Very High","Very High",Low,"A specialized role as a Cybersecurity Analyst within the Technology & IT sector in Sri Lanka.",Hard,4,High,High,Degree,cybersecurity;analyst;technology;;it
3,"Technology & IT","Cybersecurity Engineer",Maths;Technology,A/L,"BSc in Cybersecurity Engineer","External Diploma","Junior Cybersecurity Engineer","Senior Cybersecurity Engineer","Head of Cybersecurity","Python;Java;Cloud Computing;SQL;Git;Agile;System Design","Problem Solving;Adaptability;Teamwork;Communication","Programming;Data Structures;Operating Systems;Networking","AWS Certified;Azure Fundamentals;Google Cloud Professional",High,High,110000,"400,000-2,500,000","Very High","Very High",Low,"A specialized role as a Cybersecurity Engineer within the Technology & IT sector in Sri Lanka.",Hard,4,High,High,Degree,cybersecurity;engineer;technology;;it
4,"Technology & IT","Data Engineer",Maths;Technology,A/L,"BSc in Data Engineer","External Diploma","Junior Data Engineer","Senior Data Engineer","Head of Data","Python;Java;Cloud Computing;SQL;Git;Agile;System Design","Problem Solving;Adaptability;Teamwork;Communication","Programming;Data Structures;Operating Systems;Networking","AWS Certified;Azure Fundamentals;Google Cloud Professional",High,High,110000,"400,000-2,500,000","Very High","Very High",Low,"A specialized role as a Data Engineer within the Technology & IT sector in Sri Lanka.",Hard,4,High,High,Degree,data;engineer;technology;;it
5,"Technology & IT","Data Analyst",Maths;Technology,A/L,"BSc in Data Analyst","External Diploma","Junior Data Analyst","Senior Data Analyst","Head of Data","Python;Java;Cloud Computing;SQL;Git;Agile;System Design","Problem Solving;Adaptability;Teamwork;Communication","Programming;Data Structures;Operating Systems;Networking","AWS Certified;Azure Fundamentals;Google Cloud Professional",High,High,110000,"400,000-2,500,000","Very High","Very High",Low,"A specialized role as a Data Analyst within the Technology & IT sector in Sri Lanka.",Hard,4,High,High,Degree,data;analyst;technology;;it
6,"Technology & IT","Machine Learning Engineer",Maths;Technology,A/L,"BSc in Machine Learning Engineer","External Diploma","Junior Machine Learning Engineer","Senior Machine Learning Engineer","Head of Machine Learning","Python;Java;Cloud Computing;SQL;Git;Agile;System Design","Problem Solving;Adaptability;Teamwork;Communication","Programming;Data Structures;Operating Systems;Networking","AWS Certified;Azure Fundamentals;Google Cloud Professional",High,High,110000,"400,000-2,500,000","Very High","Very High",Low,"A specialized role as a Machine Learning Engineer within the Technology & IT sector in Sri Lanka.",Hard,4,High,High,Degree,machine;learning;engineer;technology;;it
7,"Technology & IT","MLOps Engineer",Maths;Technology,A/L,"BSc in MLOps Engineer","External Diploma","Junior MLOps Engineer","Senior MLOps Engineer","Head of MLOps","Python;Java;Cloud Computing;SQL;Git;Agile;System Design","Problem Solving;Adaptability;Teamwork;Communication","Programming;Data Structures;Operating Systems;Networking","AWS Certified;Azure Fundamentals;Google Cloud Professional",High,High,110000,"400,000-2,500,000","Very High","Very High",Low,"A specialized role as a MLOps Engineer within the Technology & IT sector in Sri Lanka.",Hard,4,High,High,Degree,mlops;engineer;technology;;it
8,"Technology & IT","Cloud Architect",Maths;Technology,A/L,"BSc in Cloud Architect","External Diploma","Junior Cloud Architect","Senior Cloud Architect","Head of Cloud Architect","Python;Java;Cloud Computing;SQL;Git;Agile;System Design","Problem Solving;Adaptability;Teamwork;Communication","Programming;Data Structures;Operating Systems;Networking","AWS Certified;Azure Fundamentals;Google Cloud Professional",High,High,110000,"400,000-2,500,000","Very High","Very High",Low,"A specialized role as a Cloud Architect within the Technology & IT sector in Sri Lanka.","Very Hard",4,High,High,Degree,cloud;architect;technology;;it
9,"Technology & IT","DevOps Engineer",Maths;Technology,A/L,"BSc in DevOps Engineer","External Diploma","Junior DevOps Engineer","Senior DevOps Engineer","Head of DevOps","Python;Java;Cloud Computing;SQL;Git;Agile;System Design","Problem Solving;Adaptability;Teamwork;Communication","Programming;Data Structures;Operating Systems;Networking","AWS Certified;Azure Fundamentals;Google Cloud Professional",High,High,110000,"400,000-2,500,000","Very High","Very High",Low,"A specialized role as a DevOps Engineer within the Technology & IT sector in Sri Lanka.",Hard,4,High,High,Degree,devops;engineer;technology;;it
10,"Technology & IT","Site Reliability Engineer",Maths;Technology,A/L,"BSc in Site Reliability Engineer","External Diploma","Junior Site Reliability Engineer","Senior Site Reliability Engineer","Head of Site Reliability","Python;Java;Cloud Computing;SQL;Git;Agile;System Design","Problem Solving;Adaptability;Teamwork;Communication","Programming;Data Structures;Operating Systems;Networking","AWS Certified;Azure Fundamentals;Google Cloud Professional",High,High,110000,"400,000-2,500,000","Very High","Very High",Low,"A specialized role as a Site Reliability Engineer within the Technology & IT sector in Sri Lanka.",Hard,4,High,High,Degree,site;reliability;engineer;technology;;it
11,"Technology & IT","Blockchain Developer",Maths;Technology,A/L,"BSc in Blockchain Developer","External Diploma","Junior Blockchain Developer","Senior Blockchain Developer","Head of Blockchain Developer","Python;Java;Cloud Computing;SQL;Git;Agile;System Design","Problem Solving;Adaptability;Teamwork;Communication","Programming;Data Structures;Operating Systems;Networking","AWS Certified;Azure Fundamentals;Google Cloud Professional",High,High,110000,"400,000-2,500,000","Very High","Very High",Low,"A specialized role as a Blockchain Developer within the Technology & IT sector in Sri Lanka.",Hard,4,High,High,Degree,blockchain;developer;technology;;it
12,"Technology & IT","Game Developer",Maths;Technology,A/L,"BSc in Game Developer","External Diploma","Junior Game Developer","Senior Game Developer","Head of Game Developer","Python;Java;Cloud Computing;SQL;Git;Agile;System Design","Problem Solving;Adaptability;Teamwork;Communication","Programming;Data Structures;Operating Systems;Networking","AWS Certified;Azure Fundamentals;Google Cloud Professional",High,High,110000,"400,000-2,500,000","Very High","Very High",Low,"A specialized role as a Game Developer within the Technology & IT sector in Sri Lanka.",Hard,4,High,High,Degree,game;developer;technology;;it
13,"Technology & IT","AR Developer",Maths;Technology,A/L,"BSc in AR Developer","External Diploma","Junior AR Developer","Senior AR Developer","Head of AR Developer","Python;Java;Cloud Computing;SQL;Git;Agile;System Design","Problem Solving;Adaptability;Teamwork;Communication","Programming;Data Structures;Operating Systems;Networking","AWS Certified;Azure Fundamentals;Google Cloud Professional",High,High,110000,"400,000-2,500,000","Very High","Very High",Low,"A specialized role as a AR Developer within the Technology & IT sector in Sri Lanka.",Hard,4,High,High,Degree,ar;developer;technology;;it
14,"Technology & IT","VR Developer",Maths;Technology,A/L,"BSc in VR Developer","External Diploma","Junior VR Developer","Senior VR Developer","Head of VR Developer","Python;Java;Cloud Computing;SQL;Git;Agile;System Design","Problem Solving;Adaptability;Teamwork;Communication","Programming;Data Structures;Operating Systems;Networking","AWS Certified;Azure Fundamentals;Google Cloud Professional",High,High,110000,"400,000-2,500,000","Very High","Very High",Low,"A specialized role as a VR Developer within the Technology & IT sector in Sri Lanka.",Hard,4,High,High,Degree,vr;developer;technology;;it
15,"Technology & IT","Mobile App Developer",Maths;Technology,A/L,"BSc in Mobile App Developer","External Diploma","Junior Mobile App Developer","Senior Mobile App Developer","Head of Mobile App Developer","Python;Java;Cloud Computing;SQL;Git;Agile;System Design","Problem Solving;Adaptability;Teamwork;Communication","Programming;Data Structures;Operating Systems;Networking","AWS Certified;Azure Fundamentals;Google Cloud Professional",High,High,110000,"400,000-2,500,000","Very High","Very High",Low,"A specialized role as a Mobile App Developer within the Technology & IT sector in Sri Lanka.",Hard,4,High,High,Degree,mobile;app;developer;technology;;it
16,"Technology & IT","Frontend Developer",Maths;Technology,A/L,"BSc in Frontend Developer","External Diploma","Junior Frontend Developer","Senior Frontend Developer","Head of Frontend Developer","Python;Java;Cloud Computing;SQL;Git;Agile;System Design","Problem Solving;Adaptability;Teamwork;Communication","Programming;Data Structures;Operating Systems;Networking","AWS Certified;Azure Fundamentals;Google Cloud Professional",High,High,110000,"400,000-2,500,000","Very High","Very High",Low,"A specialized role as a Frontend Developer within the Technology & IT sector in Sri Lanka.",Hard,4,High,High,Degree,frontend;developer;technology;;it
17,"Technology & IT","Backend Developer",Maths;Technology,A/L,"BSc in Backend Developer","External Diploma","Junior Backend Developer","Senior Backend Developer","Head of Backend Developer","Python;Java;Cloud Computing;SQL;Git;Agile;System Design","Problem Solving;Adaptability;Teamwork;Communication","Programming;Data Structures;Operating Systems;Networking","AWS Certified;Azure Fundamentals;Google Cloud Professional",High,High,110000,"400,000-2,500,000","Very High","Very High",Low,"A specialized role as a Backend Developer within the Technology & IT sector in Sri Lanka.",Hard,4,High,High,Degree,backend;developer;technology;;it
18,"Technology & IT","Full Stack Developer",Maths;Technology,A/L,"BSc in Full Stack Developer","External Diploma","Junior Full Stack Developer","Senior Full Stack Developer","Head of Full Stack Developer","Python;Java;Cloud Computing;SQL;Git;Agile;System Design","Problem Solving;Adaptability;Teamwork;Communication","Programming;Data Structures;Operating Systems;Networking","AWS Certified;Azure Fundamentals;Google Cloud Professional",High,High,110000,"400,000-2,500,000","Very High","Very High",Low,"A specialized role as a Full Stack Developer within the Technology & IT sector in Sri Lanka.",Hard,4,High,High,Degree,full;stack;developer;technology;;it
19,"Technology & IT","IT Systems Administrator",Maths;Technology,A/L,"BSc in IT Systems Administrator","External Diploma","Junior IT Systems Administrator","Senior IT Systems Administrator","Head of IT Systems Administrator","Python;Java;Cloud Computing;SQL;Git;Agile;System Design","Problem Solving;Adaptability;Teamwork;Communication","Programming;Data Structures;Operating Systems;Networking","AWS Certified;Azure Fundamentals;Google Cloud Professional",High,High,110000,"400,000-2,500,000","Very High","Very High",Low,"A specialized role as a IT Systems Administrator within the Technology & IT sector in Sri Lanka.",Hard,4,High,High,Degree,it;systems;administrator;technology;;it
20,"Technology & IT","Network Engineer",Maths;Technology,A/L,"BSc in Network Engineer","External Diploma","Junior Network Engineer","Senior Network Engineer","Head of Network","Python;Java;Cloud Computing;SQL;Git;Agile;System Design","Problem Solving;Adaptability;Teamwork;Communication","Programming;Data Structures;Operating Systems;Networking","AWS Certified;Azure Fundamentals;Google Cloud Professional",High,High,110000,"400,000-2,500,000","Very High","Very High",Low,"A specialized role as a Network Engineer within the Technology & IT sector in Sri Lanka.",Hard,4,High,High,Degree,network;engineer;technology;;it
21,"Technology & IT","Database Administrator",Maths;Technology,A/L,"BSc in Database Administrator","External Diploma","Junior Database Administrator","Senior Database Administrator","Head of Database Administrator","Python;Java;Cloud Computing;SQL;Git;Agile;System Design","Problem Solving;Adaptability;Teamwork;Communication","Programming;Data Structures;Operating Systems;Networking","AWS Certified;Azure Fundamentals;Google Cloud Professional",High,High,110000,"400,000-2,500,000","Very High","Very High",Low,"A specialized role as a Database Administrator within the Technology & IT sector in Sri Lanka.",Hard,4,High,High,Degree,database;administrator;technology;;it
22,"Technology & IT","AI Engineer",Maths;Technology,A/L,"BSc in AI Engineer","External Diploma","Junior AI Engineer","Senior AI Engineer","Head of AI","Python;Java;Cloud Computing;SQL;Git;Agile;System Design","Problem Solving;Adaptability;Teamwork;Communication","Programming;Data Structures;Operating Systems;Networking","AWS Certified;Azure Fundamentals;Google Cloud Professional",High,High,110000,"400,000-2,500,000","Very High","Very High",Low,"A specialized role as a AI Engineer within the Technology & IT sector in Sri Lanka.",Hard,4,High,High,Degree,ai;engineer;technology;;it
23,"Technology & IT","Robotics Software Engineer",Maths;Technology,A/L,"BSc in Robotics Software Engineer","External Diploma","Junior Robotics Software Engineer","Senior Robotics Software Engineer","Head of Robotics Software","Python;Java;Cloud Computing;SQL;Git;Agile;System Design","Problem Solving;Adaptability;Teamwork;Communication","Programming;Data Structures;Operating Systems;Networking","AWS Certified;Azure Fundamentals;Google Cloud Professional",High,High,110000,"400,000-2,500,000","Very High","Very High",Low,"A specialized role as a Robotics Software Engineer within the Technology & IT sector in Sri Lanka.",Hard,4,High,High,Degree,robotics;software;engineer;technology;;it
24,Engineering,"Civil Engineer",Maths,A/L,"BSc in Civil Engineer","External Diploma","Junior Civil Engineer","Senior Civil Engineer","Head of Civil","AutoCAD;MATLAB;Project Management;Resource Planning;Safety Standards","Analytical Thinking;Attention to Detail;Collaboration","Thermodynamics;Fluid Mechanics;Mathematics;Material Science","Chartered Engineer (IESL);PMP;LEED Green Associate",High,High,75000,"200,000-1,500,000",Medium,Medium,Low,"A specialized role as a Civil Engineer within the Engineering sector in Sri Lanka.",Hard,4,High,High,Degree,civil;engineer;engineering
25,Engineering,"Structural Engineer",Maths,A/L,"BSc in Structural Engineer","External Diploma","Junior Structural Engineer","Senior Structural Engineer","Head of Structural","AutoCAD;MATLAB;Project Management;Resource Planning;Safety Standards","Analytical Thinking;Attention to Detail;Collaboration","Thermodynamics;Fluid Mechanics;Mathematics;Material Science","Chartered Engineer (IESL);PMP;LEED Green Associate",High,High,75000,"200,000-1,500,000",Medium,Medium,Low,"A specialized role as a Structural Engineer within the Engineering sector in Sri Lanka.",Hard,4,High,High,Degree,structural;engineer;engineering
26,Engineering,"Mechanical Engineer",Maths,A/L,"BSc in Mechanical Engineer","External Diploma","Junior Mechanical Engineer","Senior Mechanical Engineer","Head of Mechanical","AutoCAD;MATLAB;Project Management;Resource Planning;Safety Standards","Analytical Thinking;Attention to Detail;Collaboration","Thermodynamics;Fluid Mechanics;Mathematics;Material Science","Chartered Engineer (IESL);PMP;LEED Green Associate",High,High,75000,"200,000-1,500,000",Medium,Medium,Low,"A specialized role as a Mechanical Engineer within the Engineering sector in Sri Lanka.",Hard,4,High,High,Degree,mechanical;engineer;engineering
27,Engineering,"Electrical Engineer",Maths,A/L,"BSc in Electrical Engineer","External Diploma","Junior Electrical Engineer","Senior Electrical Engineer","Head of Electrical","AutoCAD;MATLAB;Project Management;Resource Planning;Safety Standards","Analytical Thinking;Attention to Detail;Collaboration","Thermodynamics;Fluid Mechanics;Mathematics;Material Science","Chartered Engineer (IESL);PMP;LEED Green Associate",High,High,75000,"200,000-1,500,000",Medium,Medium,Low,"A specialized role as a Electrical Engineer within the Engineering sector in Sri Lanka.",Hard,4,High,High,Degree,electrical;engineer;engineering
28,Engineering,"Electronic Engineer",Maths,A/L,"BSc in Electronic Engineer","External Diploma","Junior Electronic Engineer","Senior Electronic Engineer","Head of Electronic","AutoCAD;MATLAB;Project Management;Resource Planning;Safety Standards","Analytical Thinking;Attention to Detail;Collaboration","Thermodynamics;Fluid Mechanics;Mathematics;Material Science","Chartered Engineer (IESL);PMP;LEED Green Associate",High,High,75000,"200,000-1,500,000",Medium,Medium,Low,"A specialized role as a Electronic Engineer within the Engineering sector in Sri Lanka.",Hard,4,High,High,Degree,electronic;engineer;engineering
29,Engineering,"Mechatronics Engineer",Maths,A/L,"BSc in Mechatronics Engineer","External Diploma","Junior Mechatronics Engineer","Senior Mechatronics Engineer","Head of Mechatronics","AutoCAD;MATLAB;Project Management;Resource Planning;Safety Standards","Analytical Thinking;Attention to Detail;Collaboration","Thermodynamics;Fluid Mechanics;Mathematics;Material Science","Chartered Engineer (IESL);PMP;LEED Green Associate",High,High,75000,"200,000-1,500,000",Medium,Medium,Low,"A specialized role as a Mechatronics Engineer within the Engineering sector in Sri Lanka.",Hard,4,High,High,Degree,mechatronics;engineer;engineering
30,Engineering,"Industrial Engineer",Maths,A/L,"BSc in Industrial Engineer","External Diploma","Junior Industrial Engineer","Senior Industrial Engineer","Head of Industrial","AutoCAD;MATLAB;Project Management;Resource Planning;Safety Standards","Analytical Thinking;Attention to Detail;Collaboration","Thermodynamics;Fluid Mechanics;Mathematics;Material Science","Chartered Engineer (IESL);PMP;LEED Green Associate",High,High,75000,"200,000-1,500,000",Medium,Medium,Low,"A specialized role as a Industrial Engineer within the Engineering sector in Sri Lanka.",Hard,4,High,High,Degree,industrial;engineer;engineering
31,Engineering,"Chemical Engineer",Maths,A/L,"BSc in Chemical Engineer","External Diploma","Junior Chemical Engineer","Senior Chemical Engineer","Head of Chemical","AutoCAD;MATLAB;Project Management;Resource Planning;Safety Standards","Analytical Thinking;Attention to Detail;Collaboration","Thermodynamics;Fluid Mechanics;Mathematics;Material Science","Chartered Engineer (IESL);PMP;LEED Green Associate",High,High,75000,"200,000-1,500,000",Medium,Medium,Low,"A specialized role as a Chemical Engineer within the Engineering sector in Sri Lanka.",Hard,4,High,High,Degree,chemical;engineer;engineering
32,Engineering,"Aerospace Engineer",Maths,A/L,"BSc in Aerospace Engineer","External Diploma","Junior Aerospace Engineer","Senior Aerospace Engineer","Head of Aerospace","AutoCAD;MATLAB;Project Management;Resource Planning;Safety Standards","Analytical Thinking;Attention to Detail;Collaboration","Thermodynamics;Fluid Mechanics;Mathematics;Material Science","Chartered Engineer (IESL);PMP;LEED Green Associate",High,High,75000,"200,000-1,500,000",Medium,Medium,Low,"A specialized role as a Aerospace Engineer within the Engineering sector in Sri Lanka.",Hard,4,High,High,Degree,aerospace;engineer;engineering
33,Engineering,"Petroleum Engineer",Maths,A/L,"BSc in Petroleum Engineer","External Diploma","Junior Petroleum Engineer","Senior Petroleum Engineer","Head of Petroleum","AutoCAD;MATLAB;Project Management;Resource Planning;Safety Standards","Analytical Thinking;Attention to Detail;Collaboration","Thermodynamics;Fluid Mechanics;Mathematics;Material Science","Chartered Engineer (IESL);PMP;LEED Green Associate",High,High,75000,"200,000-1,500,000",Medium,Medium,Low,"A specialized role as a Petroleum Engineer within the Engineering sector in Sri Lanka.",Hard,4,High,High,Degree,petroleum;engineer;engineering
34,Engineering,"Geotechnical Engineer",Maths,A/L,"BSc in Geotechnical Engineer","External Diploma","Junior Geotechnical Engineer","Senior Geotechnical Engineer","Head of Geotechnical","AutoCAD;MATLAB;Project Management;Resource Planning;Safety Standards","Analytical Thinking;Attention to Detail;Collaboration","Thermodynamics;Fluid Mechanics;Mathematics;Material Science","Chartered Engineer (IESL);PMP;LEED Green Associate",High,High,75000,"200,000-1,500,000",Medium,Medium,Low,"A specialized role as a Geotechnical Engineer within the Engineering sector in Sri Lanka.",Hard,4,High,High,Degree,geotechnical;engineer;engineering
35,Engineering,"Marine Engineer",Maths,A/L,"BSc in Marine Engineer","External Diploma","Junior Marine Engineer","Senior Marine Engineer","Head of Marine","AutoCAD;MATLAB;Project Management;Resource Planning;Safety Standards","Analytical Thinking;Attention to Detail;Collaboration","Thermodynamics;Fluid Mechanics;Mathematics;Material Science","Chartered Engineer (IESL);PMP;LEED Green Associate",High,High,75000,"200,000-1,500,000",Medium,Medium,Low,"A specialized role as a Marine Engineer within the Engineering sector in Sri Lanka.",Hard,4,High,High,Degree,marine;engineer;engineering
36,Engineering,"Renewable Energy Engineer",Maths,A/L,"BSc in Renewable Energy Engineer","External Diploma","Junior Renewable Energy Engineer","Senior Renewable Energy Engineer","Head of Renewable Energy","AutoCAD;MATLAB;Project Management;Resource Planning;Safety Standards","Analytical Thinking;Attention to Detail;Collaboration","Thermodynamics;Fluid Mechanics;Mathematics;Material Science","Chartered Engineer (IESL);PMP;LEED Green Associate",High,High,75000,"200,000-1,500,000",Medium,Medium,Low,"A specialized role as a Renewable Energy Engineer within the Engineering sector in Sri Lanka.",Hard,4,High,High,Degree,renewable;energy;engineer;engineering
37,Engineering,"Automotive Engineer",Maths,A/L,"BSc in Automotive Engineer","External Diploma","Junior Automotive Engineer","Senior Automotive Engineer","Head of Automotive","AutoCAD;MATLAB;Project Management;Resource Planning;Safety Standards","Analytical Thinking;Attention to Detail;Collaboration","Thermodynamics;Fluid Mechanics;Mathematics;Material Science","Chartered Engineer (IESL);PMP;LEED Green Associate",High,High,75000,"200,000-1,500,000",Medium,Medium,Low,"A specialized role as a Automotive Engineer within the Engineering sector in Sri Lanka.",Hard,4,High,High,Degree,automotive;engineer;engineering
38,Engineering,"Manufacturing Engineer",Maths,A/L,"BSc in Manufacturing Engineer","External Diploma","Junior Manufacturing Engineer","Senior Manufacturing Engineer","Head of Manufacturing","AutoCAD;MATLAB;Project Management;Resource Planning;Safety Standards","Analytical Thinking;Attention to Detail;Collaboration","Thermodynamics;Fluid Mechanics;Mathematics;Material Science","Chartered Engineer (IESL);PMP;LEED Green Associate",High,High,75000,"200,000-1,500,000",Medium,Medium,Low,"A specialized role as a Manufacturing Engineer within the Engineering sector in Sri Lanka.",Hard,4,High,High,Degree,manufacturing;engineer;engineering
39,"Healthcare & Medical","Doctor / Physician",Biology,A/L,"BSc in Doctor","External Diploma","Junior Doctor / Physician","Senior Medical Officer",Consultant,"Patient Care;Medical Diagnosis;Pharmacology;Emergency Response","Empathy;Resilience;Ethical Judgment;Active Listening",Anatomy;Physiology;Pathology;Biochemistry,"SLMC Registration;Advanced Life Support (ALS);BLS",High,High,95000,"300,000-2,000,000",Low,Medium,Low,"A specialized role as a Doctor / Physician within the Healthcare & Medical sector in Sri Lanka.","Very Hard",6,High,High,Degree,doctor;;;physician;healthcare;;medical
40,"Healthcare & Medical",Dentist,Biology,A/L,"BSc in Dentist","External Diploma","Junior Dentist","Senior Dentist","Head of Dentist","Patient Care;Medical Diagnosis;Pharmacology;Emergency Response","Empathy;Resilience;Ethical Judgment;Active Listening",Anatomy;Physiology;Pathology;Biochemistry,"SLMC Registration;Advanced Life Support (ALS);BLS",High,High,85000,"300,000-2,000,000",Low,Medium,Low,"A specialized role as a Dentist within the Healthcare & Medical sector in Sri Lanka.","Very Hard",5,High,High,Degree,dentist;healthcare;;medical
41,"Healthcare & Medical",Nurse,Biology,A/L,"BSc in Nurse","External Diploma","Junior Nurse","Staff Nurse","Nursing Director","Patient Care;Medical Diagnosis;Pharmacology;Emergency Response","Empathy;Resilience;Ethical Judgment;Active Listening",Anatomy;Physiology;Pathology;Biochemistry,"SLMC Registration;Advanced Life Support (ALS);BLS",High,High,85000,"300,000-2,000,000",Low,Medium,Low,"A specialized role as a Nurse within the Healthcare & Medical sector in Sri Lanka.","Very Hard",5,High,High,Degree,nurse;healthcare;;medical
42,"Healthcare & Medical",Pharmacist,Biology,A/L,"BSc in Pharmacist","External Diploma","Junior Pharmacist","Senior Pharmacist","Head of Pharmacist","Patient Care;Medical Diagnosis;Pharmacology;Emergency Response","Empathy;Resilience;Ethical Judgment;Active Listening",Anatomy;Physiology;Pathology;Biochemistry,"SLMC Registration;Advanced Life Support (ALS);BLS",High,High,85000,"300,000-2,000,000",Low,Medium,Low,"A specialized role as a Pharmacist within the Healthcare & Medical sector in Sri Lanka.","Very Hard",5,High,High,Degree,pharmacist;healthcare;;medical
43,"Healthcare & Medical",Radiologist,Biology,A/L,"BSc in Radiologist","External Diploma","Junior Radiologist","Senior Radiologist","Head of Radiologist","Patient Care;Medical Diagnosis;Pharmacology;Emergency Response","Empathy;Resilience;Ethical Judgment;Active Listening",Anatomy;Physiology;Pathology;Biochemistry,"SLMC Registration;Advanced Life Support (ALS);BLS",High,High,85000,"300,000-2,000,000",Low,Medium,Low,"A specialized role as a Radiologist within the Healthcare & Medical sector in Sri Lanka.","Very Hard",5,High,High,Degree,radiologist;healthcare;;medical
44,"Healthcare & Medical",Physiotherapist,Biology,A/L,"BSc in Physiotherapist","External Diploma","Junior Physiotherapist","Senior Physiotherapist","Head of Physiotherapist","Patient Care;Medical Diagnosis;Pharmacology;Emergency Response","Empathy;Resilience;Ethical Judgment;Active Listening",Anatomy;Physiology;Pathology;Biochemistry,"SLMC Registration;Advanced Life Support (ALS);BLS",High,High,85000,"300,000-2,000,000",Low,Medium,Low,"A specialized role as a Physiotherapist within the Healthcare & Medical sector in Sri Lanka.","Very Hard",5,High,High,Degree,physiotherapist;healthcare;;medical
45,"Healthcare & Medical",Optometrist,Biology,A/L,"BSc in Optometrist","External Diploma","Junior Optometrist","Senior Optometrist","Head of Optometrist","Patient Care;Medical Diagnosis;Pharmacology;Emergency Response","Empathy;Resilience;Ethical Judgment;Active Listening",Anatomy;Physiology;Pathology;Biochemistry,"SLMC Registration;Advanced Life Support (ALS);BLS",High,High,85000,"300,000-2,000,000",Low,Medium,Low,"A specialized role as a Optometrist within the Healthcare & Medical sector in Sri Lanka.","Very Hard",5,High,High,Degree,optometrist;healthcare;;medical
46,"Healthcare & Medical",Veterinarian,Biology,A/L,"BSc in Veterinarian","External Diploma","Junior Veterinarian","Senior Veterinarian","Head of Veterinarian","Patient Care;Medical Diagnosis;Pharmacology;Emergency Response","Empathy;Resilience;Ethical Judgment;Active Listening",Anatomy;Physiology;Pathology;Biochemistry,"SLMC Registration;Advanced Life Support (ALS);BLS",High,High,85000,"300,000-2,000,000",Low,Medium,Low,"A specialized role as a Veterinarian within the Healthcare & Medical sector in Sri Lanka.","Very Hard",5,High,High,Degree,veterinarian;healthcare;;medical
47,"Healthcare & Medical",Psychologist,Biology,A/L,"BSc in Psychologist","External Diploma","Junior Psychologist","Senior Psychologist","Head of Psychologist","Patient Care;Medical Diagnosis;Pharmacology;Emergency Response","Empathy;Resilience;Ethical Judgment;Active Listening",Anatomy;Physiology;Pathology;Biochemistry,"SLMC Registration;Advanced Life Support (ALS);BLS",High,High,85000,"300,000-2,000,000",Low,Medium,Low,"A specialized role as a Psychologist within the Healthcare & Medical sector in Sri Lanka.","Very Hard",5,High,High,Degree,psychologist;healthcare;;medical
48,"Healthcare & Medical","Clinical Psychologist",Biology,A/L,"BSc in Clinical Psychologist","External Diploma","Junior Clinical Psychologist","Senior Clinical Psychologist","Head of Clinical Psychologist","Patient Care;Medical Diagnosis;Pharmacology;Emergency Response","Empathy;Resilience;Ethical Judgment;Active Listening",Anatomy;Physiology;Pathology;Biochemistry,"SLMC Registration;Advanced Life Support (ALS);BLS",High,High,85000,"300,000-2,000,000",Low,Medium,Low,"A specialized role as a Clinical Psychologist within the Healthcare & Medical sector in Sri Lanka.","Very Hard",5,High,High,Degree,clinical;psychologist;healthcare;;medical
49,"Healthcare & Medical",Nutritionist,Biology,A/L,"BSc in Nutritionist","External Diploma","Junior Nutritionist","Senior Nutritionist","Head of Nutritionist","Patient Care;Medical Diagnosis;Pharmacology;Emergency Response","Empathy;Resilience;Ethical Judgment;Active Listening",Anatomy;Physiology;Pathology;Biochemistry,"SLMC Registration;Advanced Life Support (ALS);BLS",High,High,85000,"300,000-2,000,000",Low,Medium,Low,"A specialized role as a Nutritionist within the Healthcare & Medical sector in Sri Lanka.","Very Hard",5,High,High,Degree,nutritionist;healthcare;;medical
50,"Healthcare & Medical",Dietitian,Biology,A/L,"BSc in Dietitian","External Diploma","Junior Dietitian","Senior Dietitian","Head of Dietitian","Patient Care;Medical Diagnosis;Pharmacology;Emergency Response","Empathy;Resilience;Ethical Judgment;Active Listening",Anatomy;Physiology;Pathology;Biochemistry,"SLMC Registration;Advanced Life Support (ALS);BLS",High,High,85000,"300,000-2,000,000",Low,Medium,Low,"A specialized role as a Dietitian within the Healthcare & Medical sector in Sri Lanka.","Very Hard",5,High,High,Degree,dietitian;healthcare;;medical
51,"Healthcare & Medical","Speech Therapist",Biology,A/L,"BSc in Speech Therapist","External Diploma","Junior Speech Therapist","Senior Speech Therapist","Head of Speech Therapist","Patient Care;Medical Diagnosis;Pharmacology;Emergency Response","Empathy;Resilience;Ethical Judgment;Active Listening",Anatomy;Physiology;Pathology;Biochemistry,"SLMC Registration;Advanced Life Support (ALS);BLS",High,High,85000,"300,000-2,000,000",Low,Medium,Low,"A specialized role as a Speech Therapist within the Healthcare & Medical sector in Sri Lanka.","Very Hard",5,High,High,Degree,speech;therapist;healthcare;;medical
52,"Healthcare & Medical","Medical Laboratory Scientist",Biology,A/L,"BSc in Medical Laboratory Scientist","External Diploma","Junior Medical Laboratory Scientist","Senior Medical Laboratory Scientist","Head of Medical Laboratory Scientist","Patient Care;Medical Diagnosis;Pharmacology;Emergency Response","Empathy;Resilience;Ethical Judgment;Active Listening",Anatomy;Physiology;Pathology;Biochemistry,"SLMC Registration;Advanced Life Support (ALS);BLS",High,High,85000,"300,000-2,000,000",Low,Medium,Low,"A specialized role as a Medical Laboratory Scientist within the Healthcare & Medical sector in Sri Lanka.","Very Hard",5,High,High,Degree,medical;laboratory;scientist;healthcare;;medical
53,"Healthcare & Medical","Public Health Officer",Biology,A/L,"BSc in Public Health Officer","External Diploma","Junior Public Health Officer","Senior Public Health Officer","Head of Public Health Officer","Patient Care;Medical Diagnosis;Pharmacology;Emergency Response","Empathy;Resilience;Ethical Judgment;Active Listening",Anatomy;Physiology;Pathology;Biochemistry,"SLMC Registration;Advanced Life Support (ALS);BLS",High,High,85000,"300,000-2,000,000",Low,Medium,Low,"A specialized role as a Public Health Officer within the Healthcare & Medical sector in Sri Lanka.","Very Hard",5,High,High,Degree,public;health;officer;healthcare;;medical
54,"Business & Management","Business Analyst",Any,A/L,"BSc in Business Analyst","External Diploma","Junior Business Analyst","Senior Business Analyst","Head of Business","Market Analysis;Strategic Planning;Financial Modeling;Project Management","Leadership;Negotiation;Critical Thinking;Decision Making","Economics;Marketing;Organizational Behavior;Accounting","MBA;PMP;Six Sigma Green Belt",High,High,80000,"250,000-1,200,000",Medium,Medium,Low,"A specialized role as a Business Analyst within the Business & Management sector in Sri Lanka.",Hard,4,High,High,Degree,business;analyst;business;;management
55,"Business & Management","Product Manager",Any,A/L,"BSc in Product Manager","External Diploma","Junior Product Manager","Senior Product Manager","Head of Product Manager","Market Analysis;Strategic Planning;Financial Modeling;Project Management","Leadership;Negotiation;Critical Thinking;Decision Making","Economics;Marketing;Organizational Behavior;Accounting","MBA;PMP;Six Sigma Green Belt",High,High,80000,"250,000-1,200,000",Medium,Medium,Low,"A specialized role as a Product Manager within the Business & Management sector in Sri Lanka.",Hard,4,High,High,Degree,product;manager;business;;management
56,"Business & Management","Operations Manager",Any,A/L,"BSc in Operations Manager","External Diploma","Junior Operations Manager","Senior Operations Manager","Head of Operations Manager","Market Analysis;Strategic Planning;Financial Modeling;Project Management","Leadership;Negotiation;Critical Thinking;Decision Making","Economics;Marketing;Organizational Behavior;Accounting","MBA;PMP;Six Sigma Green Belt",High,High,80000,"250,000-1,200,000",Medium,Medium,Low,"A specialized role as a Operations Manager within the Business & Management sector in Sri Lanka.",Hard,4,High,High,Degree,operations;manager;business;;management
57,"Business & Management","Marketing Manager",Any,A/L,"BSc in Marketing Manager","External Diploma","Junior Marketing Manager","Senior Marketing Manager","Head of Marketing Manager","Market Analysis;Strategic Planning;Financial Modeling;Project Management","Leadership;Negotiation;Critical Thinking;Decision Making","Economics;Marketing;Organizational Behavior;Accounting","MBA;PMP;Six Sigma Green Belt",High,High,80000,"250,000-1,200,000",Medium,Medium,Low,"A specialized role as a Marketing Manager within the Business & Management sector in Sri Lanka.",Hard,4,High,High,Degree,marketing;manager;business;;management
58,"Business & Management","Sales Manager",Any,A/L,"BSc in Sales Manager","External Diploma","Junior Sales Manager","Senior Sales Manager","Head of Sales Manager","Market Analysis;Strategic Planning;Financial Modeling;Project Management","Leadership;Negotiation;Critical Thinking;Decision Making","Economics;Marketing;Organizational Behavior;Accounting","MBA;PMP;Six Sigma Green Belt",High,High,80000,"250,000-1,200,000",Medium,Medium,Low,"A specialized role as a Sales Manager within the Business & Management sector in Sri Lanka.",Hard,4,High,High,Degree,sales;manager;business;;management
59,"Business & Management","Human Resource Manager",Any,A/L,"BSc in Human Resource Manager","External Diploma","Junior Human Resource Manager","Senior Human Resource Manager","Head of Human Resource Manager","Market Analysis;Strategic Planning;Financial Modeling;Project Management","Leadership;Negotiation;Critical Thinking;Decision Making","Economics;Marketing;Organizational Behavior;Accounting","MBA;PMP;Six Sigma Green Belt",High,High,80000,"250,000-1,200,000",Medium,Medium,Low,"A specialized role as a Human Resource Manager within the Business & Management sector in Sri Lanka.",Hard,4,High,High,Degree,human;resource;manager;business;;management
60,"Business & Management","Project Manager",Any,A/L,"BSc in Project Manager","External Diploma","Junior Project Manager","Senior Project Manager","Head of Project Manager","Market Analysis;Strategic Planning;Financial Modeling;Project Management","Leadership;Negotiation;Critical Thinking;Decision Making","Economics;Marketing;Organizational Behavior;Accounting","MBA;PMP;Six Sigma Green Belt",High,High,80000,"250,000-1,200,000",Medium,Medium,Low,"A specialized role as a Project Manager within the Business & Management sector in Sri Lanka.",Hard,4,High,High,Degree,project;manager;business;;management
61,"Business & Management","Business Development Manager",Any,A/L,"BSc in Business Development Manager","External Diploma","Junior Business Development Manager","Senior Business Development Manager","Head of Business Development Manager","Market Analysis;Strategic Planning;Financial Modeling;Project Management","Leadership;Negotiation;Critical Thinking;Decision Making","Economics;Marketing;Organizational Behavior;Accounting","MBA;PMP;Six Sigma Green Belt",High,High,80000,"250,000-1,200,000",Medium,Medium,Low,"A specialized role as a Business Development Manager within the Business & Management sector in Sri Lanka.",Hard,4,High,High,Degree,business;development;manager;business;;management
62,"Business & Management","Management Consultant",Any,A/L,"BSc in Management Consultant","External Diploma","Junior Management Consultant","Senior Management Consultant","Head of Management Consultant","Market Analysis;Strategic Planning;Financial Modeling;Project Management","Leadership;Negotiation;Critical Thinking;Decision Making","Economics;Marketing;Organizational Behavior;Accounting","MBA;PMP;Six Sigma Green Belt",High,High,80000,"250,000-1,200,000",Medium,Medium,Low,"A specialized role as a Management Consultant within the Business & Management sector in Sri Lanka.",Hard,4,High,High,Degree,management;consultant;business;;management
63,"Business & Management","Entrepreneur / Startup Founder",Any,A/L,"BSc in Entrepreneur / Startup Founder","External Diploma","Junior Entrepreneur / Startup Founder","Senior Entrepreneur / Startup Founder","Head of Entrepreneur / Startup Founder","Market Analysis;Strategic Planning;Financial Modeling;Project Management","Leadership;Negotiation;Critical Thinking;Decision Making","Economics;Marketing;Organizational Behavior;Accounting","MBA;PMP;Six Sigma Green Belt",High,High,80000,"250,000-1,200,000",Medium,Medium,Low,"A specialized role as a Entrepreneur / Startup Founder within the Business & Management sector in Sri Lanka.",Hard,4,High,High,Degree,entrepreneur;;;startup;founder;business;;management
64,"Finance & Accounting","Chartered Accountant",Commerce;Maths,A/L,"BSc in Chartered Accountant","External Diploma","Junior Chartered Accountant","Senior Chartered Accountant","Head of Chartered Accountant","Auditing;Tax Law;Financial Reporting;SAP/ERP;Excel Macros","Integrity;Attention to Detail;Numerical Accuracy","Financial Accounting;Cost Accounting;Audit & Assurance;Taxation","ICASL;ACCA;CIMA;Chartered Accountant",High,High,70000,"250,000-1,800,000",Medium,Medium,Low,"A specialized role as a Chartered Accountant within the Finance & Accounting sector in Sri Lanka.",Hard,4,High,High,Degree,chartered;accountant;finance;;accounting
65,"Finance & Accounting",Auditor,Commerce;Maths,A/L,"BSc in Auditor","External Diploma","Junior Auditor","Senior Auditor","Head of Auditor","Auditing;Tax Law;Financial Reporting;SAP/ERP;Excel Macros","Integrity;Attention to Detail;Numerical Accuracy","Financial Accounting;Cost Accounting;Audit & Assurance;Taxation","ICASL;ACCA;CIMA;Chartered Accountant",High,High,70000,"250,000-1,800,000",Medium,Medium,Low,"A specialized role as a Auditor within the Finance & Accounting sector in Sri Lanka.",Hard,4,High,High,Degree,auditor;finance;;accounting
66,"Finance & Accounting","Tax Consultant",Commerce;Maths,A/L,"BSc in Tax Consultant","External Diploma","Junior Tax Consultant","Senior Tax Consultant","Head of Tax Consultant","Auditing;Tax Law;Financial Reporting;SAP/ERP;Excel Macros","Integrity;Attention to Detail;Numerical Accuracy","Financial Accounting;Cost Accounting;Audit & Assurance;Taxation","ICASL;ACCA;CIMA;Chartered Accountant",High,High,70000,"250,000-1,800,000",Medium,Medium,Low,"A specialized role as a Tax Consultant within the Finance & Accounting sector in Sri Lanka.",Hard,4,High,High,Degree,tax;consultant;finance;;accounting
67,"Finance & Accounting","Financial Analyst",Commerce;Maths,A/L,"BSc in Financial Analyst","External Diploma","Junior Financial Analyst","Senior Financial Analyst","Head of Financial","Auditing;Tax Law;Financial Reporting;SAP/ERP;Excel Macros","Integrity;Attention to Detail;Numerical Accuracy","Financial Accounting;Cost Accounting;Audit & Assurance;Taxation","ICASL;ACCA;CIMA;Chartered Accountant",High,High,70000,"250,000-1,800,000",Medium,Medium,Low,"A specialized role as a Financial Analyst within the Finance & Accounting sector in Sri Lanka.",Hard,4,High,High,Degree,financial;analyst;finance;;accounting
68,"Finance & Accounting","Investment Analyst",Commerce;Maths,A/L,"BSc in Investment Analyst","External Diploma","Junior Investment Analyst","Senior Investment Analyst","Head of Investment","Auditing;Tax Law;Financial Reporting;SAP/ERP;Excel Macros","Integrity;Attention to Detail;Numerical Accuracy","Financial Accounting;Cost Accounting;Audit & Assurance;Taxation","ICASL;ACCA;CIMA;Chartered Accountant",High,High,70000,"250,000-1,800,000",Medium,Medium,Low,"A specialized role as a Investment Analyst within the Finance & Accounting sector in Sri Lanka.",Hard,4,High,High,Degree,investment;analyst;finance;;accounting
69,"Finance & Accounting","Risk Analyst",Commerce;Maths,A/L,"BSc in Risk Analyst","External Diploma","Junior Risk Analyst","Senior Risk Analyst","Head of Risk","Auditing;Tax Law;Financial Reporting;SAP/ERP;Excel Macros","Integrity;Attention to Detail;Numerical Accuracy","Financial Accounting;Cost Accounting;Audit & Assurance;Taxation","ICASL;ACCA;CIMA;Chartered Accountant",High,High,70000,"250,000-1,800,000",Medium,Medium,Low,"A specialized role as a Risk Analyst within the Finance & Accounting sector in Sri Lanka.",Hard,4,High,High,Degree,risk;analyst;finance;;accounting
70,"Finance & Accounting","Financial Advisor",Commerce;Maths,A/L,"BSc in Financial Advisor","External Diploma","Junior Financial Advisor","Senior Financial Advisor","Head of Financial Advisor","Auditing;Tax Law;Financial Reporting;SAP/ERP;Excel Macros","Integrity;Attention to Detail;Numerical Accuracy","Financial Accounting;Cost Accounting;Audit & Assurance;Taxation","ICASL;ACCA;CIMA;Chartered Accountant",High,High,70000,"250,000-1,800,000",Medium,Medium,Low,"A specialized role as a Financial Advisor within the Finance & Accounting sector in Sri Lanka.",Hard,4,High,High,Degree,financial;advisor;finance;;accounting
71,"Finance & Accounting","Bank Manager",Commerce;Maths,A/L,"BSc in Bank Manager","External Diploma","Junior Bank Manager","Senior Bank Manager","Head of Bank Manager","Auditing;Tax Law;Financial Reporting;SAP/ERP;Excel Macros","Integrity;Attention to Detail;Numerical Accuracy","Financial Accounting;Cost Accounting;Audit & Assurance;Taxation","ICASL;ACCA;CIMA;Chartered Accountant",High,High,70000,"250,000-1,800,000",Medium,Medium,Low,"A specialized role as a Bank Manager within the Finance & Accounting sector in Sri Lanka.",Hard,4,High,High,Degree,bank;manager;finance;;accounting
72,"Finance & Accounting","Credit Analyst",Commerce;Maths,A/L,"BSc in Credit Analyst","External Diploma","Junior Credit Analyst","Senior Credit Analyst","Head of Credit","Auditing;Tax Law;Financial Reporting;SAP/ERP;Excel Macros","Integrity;Attention to Detail;Numerical Accuracy","Financial Accounting;Cost Accounting;Audit & Assurance;Taxation","ICASL;ACCA;CIMA;Chartered Accountant",High,High,70000,"250,000-1,800,000",Medium,Medium,Low,"A specialized role as a Credit Analyst within the Finance & Accounting sector in Sri Lanka.",Hard,4,High,High,Degree,credit;analyst;finance;;accounting
73,"Law & Legal Studies",Attorney-at-Law,Any,A/L,"BSc in Attorney-at-Law","External Diploma","Junior Attorney-at-Law","Senior Counsel","Partner / Judge","Legal Writing;Advocacy;Case Research;Mediation;Arbitration","Persuasion;Logical Reasoning;Ethics;Interpersonal Skills","Constitutional Law;Criminal Law;Commercial Law;Human Rights","Attorney-at-Law (Supreme Court SL);Notary License",High,High,80000,"250,000-1,200,000",Medium,Medium,Low,"A specialized role as a Attorney-at-Law within the Law & Legal Studies sector in Sri Lanka.","Very Hard",4,High,High,Degree,attorney-at-law;law;;legal;studies
74,"Law & Legal Studies","Corporate Lawyer",Any,A/L,"BSc in Corporate Lawyer","External Diploma","Junior Corporate Lawyer","Senior Corporate Lawyer","Head of Corporate Lawyer","Legal Writing;Advocacy;Case Research;Mediation;Arbitration","Persuasion;Logical Reasoning;Ethics;Interpersonal Skills","Constitutional Law;Criminal Law;Commercial Law;Human Rights","Attorney-at-Law (Supreme Court SL);Notary License",High,High,80000,"250,000-1,200,000",Medium,Medium,Low,"A specialized role as a Corporate Lawyer within the Law & Legal Studies sector in Sri Lanka.",Hard,4,High,High,Degree,corporate;lawyer;law;;legal;studies
75,"Law & Legal Studies","Legal Consultant",Any,A/L,"BSc in Legal Consultant","External Diploma","Junior Legal Consultant","Senior Legal Consultant","Head of Legal Consultant","Legal Writing;Advocacy;Case Research;Mediation;Arbitration","Persuasion;Logical Reasoning;Ethics;Interpersonal Skills","Constitutional Law;Criminal Law;Commercial Law;Human Rights","Attorney-at-Law (Supreme Court SL);Notary License",High,High,80000,"250,000-1,200,000",Medium,Medium,Low,"A specialized role as a Legal Consultant within the Law & Legal Studies sector in Sri Lanka.",Hard,4,High,High,Degree,legal;consultant;law;;legal;studies
76,"Law & Legal Studies","Legal Researcher",Any,A/L,"BSc in Legal Researcher","External Diploma","Junior Legal Researcher","Senior Legal Researcher","Head of Legal Researcher","Legal Writing;Advocacy;Case Research;Mediation;Arbitration","Persuasion;Logical Reasoning;Ethics;Interpersonal Skills","Constitutional Law;Criminal Law;Commercial Law;Human Rights","Attorney-at-Law (Supreme Court SL);Notary License",High,High,80000,"250,000-1,200,000",Medium,Medium,Low,"A specialized role as a Legal Researcher within the Law & Legal Studies sector in Sri Lanka.",Hard,4,High,High,Degree,legal;researcher;law;;legal;studies
77,"Law & Legal Studies",Judge,Any,A/L,"BSc in Judge","External Diploma","Junior Judge","Senior Judge","Head of Judge","Legal Writing;Advocacy;Case Research;Mediation;Arbitration","Persuasion;Logical Reasoning;Ethics;Interpersonal Skills","Constitutional Law;Criminal Law;Commercial Law;Human Rights","Attorney-at-Law (Supreme Court SL);Notary License",High,High,80000,"250,000-1,200,000",Medium,Medium,Low,"A specialized role as a Judge within the Law & Legal Studies sector in Sri Lanka.",Hard,4,High,High,Degree,judge;law;;legal;studies
78,"Law & Legal Studies","Notary Public",Any,A/L,"BSc in Notary Public","External Diploma","Junior Notary Public","Senior Notary Public","Head of Notary Public","Legal Writing;Advocacy;Case Research;Mediation;Arbitration","Persuasion;Logical Reasoning;Ethics;Interpersonal Skills","Constitutional Law;Criminal Law;Commercial Law;Human Rights","Attorney-at-Law (Supreme Court SL);Notary License",High,High,80000,"250,000-1,200,000",Medium,Medium,Low,"A specialized role as a Notary Public within the Law & Legal Studies sector in Sri Lanka.",Hard,4,High,High,Degree,notary;public;law;;legal;studies
79,"Law & Legal Studies","Legal Compliance Officer",Any,A/L,"BSc in Legal Compliance Officer","External Diploma","Junior Legal Compliance Officer","Senior Legal Compliance Officer","Head of Legal Compliance Officer","Legal Writing;Advocacy;Case Research;Mediation;Arbitration","Persuasion;Logical Reasoning;Ethics;Interpersonal Skills","Constitutional Law;Criminal Law;Commercial Law;Human Rights","Attorney-at-Law (Supreme Court SL);Notary License",High,High,80000,"250,000-1,200,000",Medium,Medium,Low,"A specialized role as a Legal Compliance Officer within the Law & Legal Studies sector in Sri Lanka.",Hard,4,High,High,Degree,legal;compliance;officer;law;;legal;studies
80,"Creative Arts & Design","Graphic Designer",Any,A/L,"BSc in Graphic Designer","External Diploma","Junior Graphic Designer","Senior Graphic Designer","Head of Graphic Designer","Adobe Creative Suite;Sketching;Typography;User Research;Prototyping","Creativity;Visual Communication;Client Management","Color Theory;Layout Design;Art History;Digital Media","Adobe Certified Professional;Google UX Design Certificate",High,High,80000,"250,000-1,200,000",Medium,Medium,Low,"A specialized role as a Graphic Designer within the Creative Arts & Design sector in Sri Lanka.",Hard,4,High,High,Degree,graphic;designer;creative;arts;;design
81,"Creative Arts & Design","UI Designer",Any,A/L,"BSc in UI Designer","External Diploma","Junior UI Designer","Senior UI Designer","Head of UI Designer","Adobe Creative Suite;Sketching;Typography;User Research;Prototyping","Creativity;Visual Communication;Client Management","Color Theory;Layout Design;Art History;Digital Media","Adobe Certified Professional;Google UX Design Certificate",High,High,80000,"250,000-1,200,000",Medium,Medium,Low,"A specialized role as a UI Designer within the Creative Arts & Design sector in Sri Lanka.",Hard,4,High,High,Degree,ui;designer;creative;arts;;design
82,"Creative Arts & Design","UX Designer",Any,A/L,"BSc in UX Designer","External Diploma","Junior UX Designer","Senior UX Designer","Head of UX Designer","Adobe Creative Suite;Sketching;Typography;User Research;Prototyping","Creativity;Visual Communication;Client Management","Color Theory;Layout Design;Art History;Digital Media","Adobe Certified Professional;Google UX Design Certificate",High,High,80000,"250,000-1,200,000",Medium,Medium,Low,"A specialized role as a UX Designer within the Creative Arts & Design sector in Sri Lanka.",Hard,4,High,High,Degree,ux;designer;creative;arts;;design
83,"Creative Arts & Design","Product Designer",Any,A/L,"BSc in Product Designer","External Diploma","Junior Product Designer","Senior Product Designer","Head of Product Designer","Adobe Creative Suite;Sketching;Typography;User Research;Prototyping","Creativity;Visual Communication;Client Management","Color Theory;Layout Design;Art History;Digital Media","Adobe Certified Professional;Google UX Design Certificate",High,High,80000,"250,000-1,200,000",Medium,Medium,Low,"A specialized role as a Product Designer within the Creative Arts & Design sector in Sri Lanka.",Hard,4,High,High,Degree,product;designer;creative;arts;;design
84,"Creative Arts & Design","Interior Designer",Any,A/L,"BSc in Interior Designer","External Diploma","Junior Interior Designer","Senior Interior Designer","Head of Interior Designer","Adobe Creative Suite;Sketching;Typography;User Research;Prototyping","Creativity;Visual Communication;Client Management","Color Theory;Layout Design;Art History;Digital Media","Adobe Certified Professional;Google UX Design Certificate",High,High,80000,"250,000-1,200,000",Medium,Medium,Low,"A specialized role as a Interior Designer within the Creative Arts & Design sector in Sri Lanka.",Hard,4,High,High,Degree,interior;designer;creative;arts;;design
85,"Creative Arts & Design","Fashion Designer",Any,A/L,"BSc in Fashion Designer","External Diploma","Junior Fashion Designer","Senior Fashion Designer","Head of Fashion Designer","Adobe Creative Suite;Sketching;Typography;User Research;Prototyping","Creativity;Visual Communication;Client Management","Color Theory;Layout Design;Art History;Digital Media","Adobe Certified Professional;Google UX Design Certificate",High,High,80000,"250,000-1,200,000",Medium,Medium,Low,"A specialized role as a Fashion Designer within the Creative Arts & Design sector in Sri Lanka.",Hard,4,High,High,Degree,fashion;designer;creative;arts;;design
86,"Creative Arts & Design",Animator,Any,A/L,"BSc in Animator","External Diploma","Junior Animator","Senior Animator","Head of Animator","Adobe Creative Suite;Sketching;Typography;User Research;Prototyping","Creativity;Visual Communication;Client Management","Color Theory;Layout Design;Art History;Digital Media","Adobe Certified Professional;Google UX Design Certificate",High,High,80000,"250,000-1,200,000",Medium,Medium,Low,"A specialized role as a Animator within the Creative Arts & Design sector in Sri Lanka.",Hard,4,High,High,Degree,animator;creative;arts;;design
87,"Creative Arts & Design",Illustrator,Any,A/L,"BSc in Illustrator","External Diploma","Junior Illustrator","Senior Illustrator","Head of Illustrator","Adobe Creative Suite;Sketching;Typography;User Research;Prototyping","Creativity;Visual Communication;Client Management","Color Theory;Layout Design;Art History;Digital Media","Adobe Certified Professional;Google UX Design Certificate",High,High,80000,"250,000-1,200,000",Medium,Medium,Low,"A specialized role as a Illustrator within the Creative Arts & Design sector in Sri Lanka.",Hard,4,High,High,Degree,illustrator;creative;arts;;design
88,"Creative Arts & Design","Video Game Artist",Any,A/L,"BSc in Video Game Artist","External Diploma","Junior Video Game Artist","Senior Video Game Artist","Head of Video Game Artist","Adobe Creative Suite;Sketching;Typography;User Research;Prototyping","Creativity;Visual Communication;Client Management","Color Theory;Layout Design;Art History;Digital Media","Adobe Certified Professional;Google UX Design Certificate",High,High,80000,"250,000-1,200,000",Medium,Medium,Low,"A specialized role as a Video Game Artist within the Creative Arts & Design sector in Sri Lanka.",Hard,4,High,High,Degree,video;game;artist;creative;arts;;design
89,"Media & Communication",Journalist,Any,A/L,"BSc in Journalist","External Diploma","Junior Journalist","Senior Journalist","Head of Journalist","Copywriting;Journalism Ethics;SEO;Video Editing;Public Speaking","Storytelling;Confidence;Networking;Cultural Awareness","Mass Communication;Media Law;Public Relations;Digital Marketing","Digital Marketing Professional;NCTI Journalism Cert",High,High,80000,"250,000-1,200,000",Medium,Medium,Low,"A specialized role as a Journalist within the Media & Communication sector in Sri Lanka.",Hard,4,High,High,Degree,journalist;media;;communication
90,"Media & Communication","Content Writer",Any,A/L,"BSc in Content Writer","External Diploma","Junior Content Writer","Senior Content Writer","Head of Content Writer","Copywriting;Journalism Ethics;SEO;Video Editing;Public Speaking","Storytelling;Confidence;Networking;Cultural Awareness","Mass Communication;Media Law;Public Relations;Digital Marketing","Digital Marketing Professional;NCTI Journalism Cert",High,High,80000,"250,000-1,200,000",Medium,Medium,Low,"A specialized role as a Content Writer within the Media & Communication sector in Sri Lanka.",Hard,4,High,High,Degree,content;writer;media;;communication
91,"Media & Communication","Content Strategist",Any,A/L,"BSc in Content Strategist","External Diploma","Junior Content Strategist","Senior Content Strategist","Head of Content Strategist","Copywriting;Journalism Ethics;SEO;Video Editing;Public Speaking","Storytelling;Confidence;Networking;Cultural Awareness","Mass Communication;Media Law;Public Relations;Digital Marketing","Digital Marketing Professional;NCTI Journalism Cert",High,High,80000,"250,000-1,200,000",Medium,Medium,Low,"A specialized role as a Content Strategist within the Media & Communication sector in Sri Lanka.",Hard,4,High,High,Degree,content;strategist;media;;communication
92,"Media & Communication","Social Media Manager",Any,A/L,"BSc in Social Media Manager","External Diploma","Junior Social Media Manager","Senior Social Media Manager","Head of Social Media Manager","Copywriting;Journalism Ethics;SEO;Video Editing;Public Speaking","Storytelling;Confidence;Networking;Cultural Awareness","Mass Communication;Media Law;Public Relations;Digital Marketing","Digital Marketing Professional;NCTI Journalism Cert",High,High,80000,"250,000-1,200,000",Medium,Medium,Low,"A specialized role as a Social Media Manager within the Media & Communication sector in Sri Lanka.",Hard,4,High,High,Degree,social;media;manager;media;;communication
93,"Media & Communication","Public Relations Officer",Any,A/L,"BSc in Public Relations Officer","External Diploma","Junior Public Relations Officer","Senior Public Relations Officer","Head of Public Relations Officer","Copywriting;Journalism Ethics;SEO;Video Editing;Public Speaking","Storytelling;Confidence;Networking;Cultural Awareness","Mass Communication;Media Law;Public Relations;Digital Marketing","Digital Marketing Professional;NCTI Journalism Cert",High,High,80000,"250,000-1,200,000",Medium,Medium,Low,"A specialized role as a Public Relations Officer within the Media & Communication sector in Sri Lanka.",Hard,4,High,High,Degree,public;relations;officer;media;;communication
94,"Media & Communication","News Presenter",Any,A/L,"BSc in News Presenter","External Diploma","Junior News Presenter","Senior News Presenter","Head of News Presenter","Copywriting;Journalism Ethics;SEO;Video Editing;Public Speaking","Storytelling;Confidence;Networking;Cultural Awareness","Mass Communication;Media Law;Public Relations;Digital Marketing","Digital Marketing Professional;NCTI Journalism Cert",High,High,80000,"250,000-1,200,000",Medium,Medium,Low,"A specialized role as a News Presenter within the Media & Communication sector in Sri Lanka.",Hard,4,High,High,Degree,news;presenter;media;;communication
95,"Media & Communication","Video Producer",Any,A/L,"BSc in Video Producer","External Diploma","Junior Video Producer","Senior Video Producer","Head of Video Producer","Copywriting;Journalism Ethics;SEO;Video Editing;Public Speaking","Storytelling;Confidence;Networking;Cultural Awareness","Mass Communication;Media Law;Public Relations;Digital Marketing","Digital Marketing Professional;NCTI Journalism Cert",High,High,80000,"250,000-1,200,000",Medium,Medium,Low,"A specialized role as a Video Producer within the Media & Communication sector in Sri Lanka.",Hard,4,High,High,Degree,video;producer;media;;communication
96,"Media & Communication","Podcast Producer",Any,A/L,"BSc in Podcast Producer","External Diploma","Junior Podcast Producer","Senior Podcast Producer","Head of Podcast Producer","Copywriting;Journalism Ethics;SEO;Video Editing;Public Speaking","Storytelling;Confidence;Networking;Cultural Awareness","Mass Communication;Media Law;Public Relations;Digital Marketing","Digital Marketing Professional;NCTI Journalism Cert",High,High,80000,"250,000-1,200,000",Medium,Medium,Low,"A specialized role as a Podcast Producer within the Media & Communication sector in Sri Lanka.",Hard,4,High,High,Degree,podcast;producer;media;;communication
97,"Hospitality & Tourism","Hotel Manager",Any,A/L,"BSc in Hotel Manager","External Diploma","Junior Hotel Manager","Senior Hotel Manager","Head of Hotel Manager","Customer Service;Food Safety;Hospitality Management;Foreign Languages","Hospitality;Cultural Intelligence;Multi-tasking","Hotel Operations;Tourism Management;Culinary Arts","AHLEI Certification;WSET;Travel & Tourism Diploma",High,High,80000,"250,000-1,200,000",Medium,Medium,Low,"A specialized role as a Hotel Manager within the Hospitality & Tourism sector in Sri Lanka.",Hard,4,High,High,Degree,hotel;manager;hospitality;;tourism
98,"Hospitality & Tourism","Restaurant Manager",Any,A/L,"BSc in Restaurant Manager","External Diploma","Junior Restaurant Manager","Senior Restaurant Manager","Head of Restaurant Manager","Customer Service;Food Safety;Hospitality Management;Foreign Languages","Hospitality;Cultural Intelligence;Multi-tasking","Hotel Operations;Tourism Management;Culinary Arts","AHLEI Certification;WSET;Travel & Tourism Diploma",High,High,80000,"250,000-1,200,000",Medium,Medium,Low,"A specialized role as a Restaurant Manager within the Hospitality & Tourism sector in Sri Lanka.",Hard,4,High,High,Degree,restaurant;manager;hospitality;;tourism
99,"Hospitality & Tourism",Chef,Any,A/L,"BSc in Chef","External Diploma","Junior Chef","Senior Chef","Head of Chef","Customer Service;Food Safety;Hospitality Management;Foreign Languages","Hospitality;Cultural Intelligence;Multi-tasking","Hotel Operations;Tourism Management;Culinary Arts","AHLEI Certification;WSET;Travel & Tourism Diploma",High,High,80000,"250,000-1,200,000",Medium,Medium,Low,"A specialized role as a Chef within the Hospitality & Tourism sector in Sri Lanka.",Hard,4,High,High,Degree,chef;hospitality;;tourism
100,"Hospitality & Tourism","Tour Guide",Any,A/L,"BSc in Tour Guide","External Diploma","Junior Tour Guide","Senior Tour Guide","Head of Tour Guide","Customer Service;Food Safety;Hospitality Management;Foreign Languages","Hospitality;Cultural Intelligence;Multi-tasking","Hotel Operations;Tourism Management;Culinary Arts","AHLEI Certification;WSET;Travel & Tourism Diploma",High,High,80000,"250,000-1,200,000",Medium,Medium,Low,"A specialized role as a Tour Guide within the Hospitality & Tourism sector in Sri Lanka.",Hard,4,High,High,Degree,tour;guide;hospitality;;tourism
101,"Hospitality & Tourism","Travel Consultant",Any,A/L,"BSc in Travel Consultant","External Diploma","Junior Travel Consultant","Senior Travel Consultant","Head of Travel Consultant","Customer Service;Food Safety;Hospitality Management;Foreign Languages","Hospitality;Cultural Intelligence;Multi-tasking","Hotel Operations;Tourism Management;Culinary Arts","AHLEI Certification;WSET;Travel & Tourism Diploma",High,High,80000,"250,000-1,200,000",Medium,Medium,Low,"A specialized role as a Travel Consultant within the Hospitality & Tourism sector in Sri Lanka.",Hard,4,High,High,Degree,travel;consultant;hospitality;;tourism
102,"Hospitality & Tourism","Event Planner",Any,A/L,"BSc in Event Planner","External Diploma","Junior Event Planner","Senior Event Planner","Head of Event Planner","Customer Service;Food Safety;Hospitality Management;Foreign Languages","Hospitality;Cultural Intelligence;Multi-tasking","Hotel Operations;Tourism Management;Culinary Arts","AHLEI Certification;WSET;Travel & Tourism Diploma",High,High,80000,"250,000-1,200,000",Medium,Medium,Low,"A specialized role as a Event Planner within the Hospitality & Tourism sector in Sri Lanka.",Hard,4,High,High,Degree,event;planner;hospitality;;tourism
103,"Hospitality & Tourism","Flight Attendant",Any,A/L,"BSc in Flight Attendant","External Diploma","Junior Flight Attendant","Senior Flight Attendant","Head of Flight Attendant","Customer Service;Food Safety;Hospitality Management;Foreign Languages","Hospitality;Cultural Intelligence;Multi-tasking","Hotel Operations;Tourism Management;Culinary Arts","AHLEI Certification;WSET;Travel & Tourism Diploma",High,High,80000,"250,000-1,200,000",Medium,Medium,Low,"A specialized role as a Flight Attendant within the Hospitality & Tourism sector in Sri Lanka.",Hard,4,High,High,Degree,flight;attendant;hospitality;;tourism
104,"Hospitality & Tourism","Hotel Receptionist",Any,A/L,"BSc in Hotel Receptionist","External Diploma","Junior Hotel Receptionist","Senior Hotel Receptionist","Head of Hotel Receptionist","Customer Service;Food Safety;Hospitality Management;Foreign Languages","Hospitality;Cultural Intelligence;Multi-tasking","Hotel Operations;Tourism Management;Culinary Arts","AHLEI Certification;WSET;Travel & Tourism Diploma",High,High,80000,"250,000-1,200,000",Medium,Medium,Low,"A specialized role as a Hotel Receptionist within the Hospitality & Tourism sector in Sri Lanka.",Hard,4,High,High,Degree,hotel;receptionist;hospitality;;tourism
105,"Education & Teaching","University Lecturer",Any,A/L,"BSc in University Lecturer","External Diploma","Junior University Lecturer","Senior University Lecturer","Head of University Lecturer","Lesson Planning;Classroom Management;Pedagogy;Educational Psychology",Patience;Clarity;Mentorship;Encouragement,"Curriculum Development;Learning Theories;Subject Specialization","PGDE;TESL/TEFL;Qualified Teacher Status",High,High,55000,"120,000-800,000",Medium,Medium,Low,"A specialized role as a University Lecturer within the Education & Teaching sector in Sri Lanka.",Hard,3,High,High,Degree,university;lecturer;education;;teaching
106,"Education & Teaching","School Teacher",Any,A/L,"BSc in School Teacher","External Diploma","Junior School Teacher","Senior School Teacher","Head of School Teacher","Lesson Planning;Classroom Management;Pedagogy;Educational Psychology",Patience;Clarity;Mentorship;Encouragement,"Curriculum Development;Learning Theories;Subject Specialization","PGDE;TESL/TEFL;Qualified Teacher Status",High,High,55000,"120,000-800,000",Medium,Medium,Low,"A specialized role as a School Teacher within the Education & Teaching sector in Sri Lanka.",Hard,3,High,High,Degree,school;teacher;education;;teaching
107,"Education & Teaching","Primary School Teacher",Any,A/L,"BSc in Primary School Teacher","External Diploma","Junior Primary School Teacher","Senior Primary School Teacher","Head of Primary School Teacher","Lesson Planning;Classroom Management;Pedagogy;Educational Psychology",Patience;Clarity;Mentorship;Encouragement,"Curriculum Development;Learning Theories;Subject Specialization","PGDE;TESL/TEFL;Qualified Teacher Status",High,High,55000,"120,000-800,000",Medium,Medium,Low,"A specialized role as a Primary School Teacher within the Education & Teaching sector in Sri Lanka.",Hard,3,High,High,Degree,primary;school;teacher;education;;teaching
108,"Education & Teaching","Secondary School Teacher",Any,A/L,"BSc in Secondary School Teacher","External Diploma","Junior Secondary School Teacher","Senior Secondary School Teacher","Head of Secondary School Teacher","Lesson Planning;Classroom Management;Pedagogy;Educational Psychology",Patience;Clarity;Mentorship;Encouragement,"Curriculum Development;Learning Theories;Subject Specialization","PGDE;TESL/TEFL;Qualified Teacher Status",High,High,55000,"120,000-800,000",Medium,Medium,Low,"A specialized role as a Secondary School Teacher within the Education & Teaching sector in Sri Lanka.",Hard,3,High,High,Degree,secondary;school;teacher;education;;teaching
109,"Education & Teaching","Special Education Teacher",Any,A/L,"BSc in Special Education Teacher","External Diploma","Junior Special Education Teacher","Senior Special Education Teacher","Head of Special Education Teacher","Lesson Planning;Classroom Management;Pedagogy;Educational Psychology",Patience;Clarity;Mentorship;Encouragement,"Curriculum Development;Learning Theories;Subject Specialization","PGDE;TESL/TEFL;Qualified Teacher Status",High,High,55000,"120,000-800,000",Medium,Medium,Low,"A specialized role as a Special Education Teacher within the Education & Teaching sector in Sri Lanka.",Hard,3,High,High,Degree,special;education;teacher;education;;teaching
110,"Education & Teaching","Academic Counselor",Any,A/L,"BSc in Academic Counselor","External Diploma","Junior Academic Counselor","Senior Academic Counselor","Head of Academic Counselor","Lesson Planning;Classroom Management;Pedagogy;Educational Psychology",Patience;Clarity;Mentorship;Encouragement,"Curriculum Development;Learning Theories;Subject Specialization","PGDE;TESL/TEFL;Qualified Teacher Status",High,High,55000,"120,000-800,000",Medium,Medium,Low,"A specialized role as a Academic Counselor within the Education & Teaching sector in Sri Lanka.",Hard,3,High,High,Degree,academic;counselor;education;;teaching
111,"Education & Teaching","Curriculum Developer",Any,A/L,"BSc in Curriculum Developer","External Diploma","Junior Curriculum Developer","Senior Curriculum Developer","Head of Curriculum Developer","Lesson Planning;Classroom Management;Pedagogy;Educational Psychology",Patience;Clarity;Mentorship;Encouragement,"Curriculum Development;Learning Theories;Subject Specialization","PGDE;TESL/TEFL;Qualified Teacher Status",High,High,55000,"120,000-800,000",Medium,Medium,Low,"A specialized role as a Curriculum Developer within the Education & Teaching sector in Sri Lanka.",Hard,3,High,High,Degree,curriculum;developer;education;;teaching
112,"Logistics & Supply Chain","Supply Chain Manager",Any,A/L,"BSc in Supply Chain Manager","External Diploma","Junior Supply Chain Manager","Senior Supply Chain Manager","Head of Supply Chain Manager","Inventory Control;Warehouse Management;LSS;Procurement Systems","Operational Efficiency;Planning;Problem Solving","Operations Management;Shipping & Logistics;Global Trade",CILT;CPIM;CSCMP,High,High,80000,"250,000-1,200,000",Medium,Medium,Low,"A specialized role as a Supply Chain Manager within the Logistics & Supply Chain sector in Sri Lanka.",Hard,4,High,High,Degree,supply;chain;manager;logistics;;supply;chain
113,"Logistics & Supply Chain","Supply Chain Analyst",Any,A/L,"BSc in Supply Chain Analyst","External Diploma","Junior Supply Chain Analyst","Senior Supply Chain Analyst","Head of Supply Chain","Inventory Control;Warehouse Management;LSS;Procurement Systems","Operational Efficiency;Planning;Problem Solving","Operations Management;Shipping & Logistics;Global Trade",CILT;CPIM;CSCMP,High,High,80000,"250,000-1,200,000",Medium,Medium,Low,"A specialized role as a Supply Chain Analyst within the Logistics & Supply Chain sector in Sri Lanka.",Hard,4,High,High,Degree,supply;chain;analyst;logistics;;supply;chain
114,"Logistics & Supply Chain","Procurement Manager",Any,A/L,"BSc in Procurement Manager","External Diploma","Junior Procurement Manager","Senior Procurement Manager","Head of Procurement Manager","Inventory Control;Warehouse Management;LSS;Procurement Systems","Operational Efficiency;Planning;Problem Solving","Operations Management;Shipping & Logistics;Global Trade",CILT;CPIM;CSCMP,High,High,80000,"250,000-1,200,000",Medium,Medium,Low,"A specialized role as a Procurement Manager within the Logistics & Supply Chain sector in Sri Lanka.",Hard,4,High,High,Degree,procurement;manager;logistics;;supply;chain
115,"Logistics & Supply Chain","Warehouse Manager",Any,A/L,"BSc in Warehouse Manager","External Diploma","Junior Warehouse Manager","Senior Warehouse Manager","Head of Warehouse Manager","Inventory Control;Warehouse Management;LSS;Procurement Systems","Operational Efficiency;Planning;Problem Solving","Operations Management;Shipping & Logistics;Global Trade",CILT;CPIM;CSCMP,High,High,80000,"250,000-1,200,000",Medium,Medium,Low,"A specialized role as a Warehouse Manager within the Logistics & Supply Chain sector in Sri Lanka.",Hard,4,High,High,Degree,warehouse;manager;logistics;;supply;chain
116,"Logistics & Supply Chain","Logistics Coordinator",Any,A/L,"BSc in Logistics Coordinator","External Diploma","Junior Logistics Coordinator","Senior Logistics Coordinator","Head of Logistics Coordinator","Inventory Control;Warehouse Management;LSS;Procurement Systems","Operational Efficiency;Planning;Problem Solving","Operations Management;Shipping & Logistics;Global Trade",CILT;CPIM;CSCMP,High,High,80000,"250,000-1,200,000",Medium,Medium,Low,"A specialized role as a Logistics Coordinator within the Logistics & Supply Chain sector in Sri Lanka.",Hard,4,High,High,Degree,logistics;coordinator;logistics;;supply;chain
117,"Logistics & Supply Chain","Inventory Manager",Any,A/L,"BSc in Inventory Manager","External Diploma","Junior Inventory Manager","Senior Inventory Manager","Head of Inventory Manager","Inventory Control;Warehouse Management;LSS;Procurement Systems","Operational Efficiency;Planning;Problem Solving","Operations Management;Shipping & Logistics;Global Trade",CILT;CPIM;CSCMP,High,High,80000,"250,000-1,200,000",Medium,Medium,Low,"A specialized role as a Inventory Manager within the Logistics & Supply Chain sector in Sri Lanka.",Hard,4,High,High,Degree,inventory;manager;logistics;;supply;chain
118,"Construction & Architecture",Architect,Any,A/L,"BSc in Architect","External Diploma","Junior Architect","Senior Architect","Head of Architect","Blueprinting;Cost Estimation;Quantity Surveying;Health & Safety","Spatial Awareness;Precision;Team Coordination","Building Science;Structural Design;Materials & Planning","Chartered Architect;RICS;Chartered QS",High,High,80000,"250,000-1,200,000",Medium,Medium,Low,"A specialized role as a Architect within the Construction & Architecture sector in Sri Lanka.","Very Hard",4,High,High,Degree,architect;construction;;architecture
119,"Construction & Architecture","Urban Planner",Any,A/L,"BSc in Urban Planner","External Diploma","Junior Urban Planner","Senior Urban Planner","Head of Urban Planner","Blueprinting;Cost Estimation;Quantity Surveying;Health & Safety","Spatial Awareness;Precision;Team Coordination","Building Science;Structural Design;Materials & Planning","Chartered Architect;RICS;Chartered QS",High,High,80000,"250,000-1,200,000",Medium,Medium,Low,"A specialized role as a Urban Planner within the Construction & Architecture sector in Sri Lanka.",Hard,4,High,High,Degree,urban;planner;construction;;architecture
120,"Construction & Architecture","Quantity Surveyor",Any,A/L,"BSc in Quantity Surveyor","External Diploma","Junior Quantity Surveyor","Senior Quantity Surveyor","Head of Quantity Surveyor","Blueprinting;Cost Estimation;Quantity Surveying;Health & Safety","Spatial Awareness;Precision;Team Coordination","Building Science;Structural Design;Materials & Planning","Chartered Architect;RICS;Chartered QS",High,High,80000,"250,000-1,200,000",Medium,Medium,Low,"A specialized role as a Quantity Surveyor within the Construction & Architecture sector in Sri Lanka.",Hard,4,High,High,Degree,quantity;surveyor;construction;;architecture
121,"Construction & Architecture","Construction Project Manager",Any,A/L,"BSc in Construction Project Manager","External Diploma","Junior Construction Project Manager","Senior Construction Project Manager","Head of Construction Project Manager","Blueprinting;Cost Estimation;Quantity Surveying;Health & Safety","Spatial Awareness;Precision;Team Coordination","Building Science;Structural Design;Materials & Planning","Chartered Architect;RICS;Chartered QS",High,High,80000,"250,000-1,200,000",Medium,Medium,Low,"A specialized role as a Construction Project Manager within the Construction & Architecture sector in Sri Lanka.",Hard,4,High,High,Degree,construction;project;manager;construction;;architecture
122,"Construction & Architecture","Landscape Architect",Any,A/L,"BSc in Landscape Architect","External Diploma","Junior Landscape Architect","Senior Landscape Architect","Head of Landscape Architect","Blueprinting;Cost Estimation;Quantity Surveying;Health & Safety","Spatial Awareness;Precision;Team Coordination","Building Science;Structural Design;Materials & Planning","Chartered Architect;RICS;Chartered QS",High,High,80000,"250,000-1,200,000",Medium,Medium,Low,"A specialized role as a Landscape Architect within the Construction & Architecture sector in Sri Lanka.","Very Hard",4,High,High,Degree,landscape;architect;construction;;architecture
123,"Skilled Trades & Vocational",Electrician,Any,O/L,"None (Vocational Path)","NVQ Level 4 in Electrician","Junior Electrician","Senior Electrician","Head of Electrician","Technical Repair;Tool Handling;Safety Protocols;Troubleshooting","Customer Interaction;Physical Stamina;Reliability","Technical Drawing;Workshop Practice;Apprenticeship","NVQ Level 4;VTA Certificate;German Tech Diploma",High,High,45000,"100,000-600,000",Low,"Very High",Low,"A specialized role as a Electrician within the Skilled Trades & Vocational sector in Sri Lanka.",Medium,1,High,High,"NVQ Level 3",electrician;skilled;trades;;vocational
124,"Skilled Trades & Vocational",Plumber,Any,O/L,"None (Vocational Path)","NVQ Level 4 in Plumber","Junior Plumber","Senior Plumber","Head of Plumber","Technical Repair;Tool Handling;Safety Protocols;Troubleshooting","Customer Interaction;Physical Stamina;Reliability","Technical Drawing;Workshop Practice;Apprenticeship","NVQ Level 4;VTA Certificate;German Tech Diploma",High,High,45000,"100,000-600,000",Low,"Very High",Low,"A specialized role as a Plumber within the Skilled Trades & Vocational sector in Sri Lanka.",Medium,1,High,High,"NVQ Level 3",plumber;skilled;trades;;vocational
125,"Skilled Trades & Vocational",Carpenter,Any,O/L,"None (Vocational Path)","NVQ Level 4 in Carpenter","Junior Carpenter","Senior Carpenter","Head of Carpenter","Technical Repair;Tool Handling;Safety Protocols;Troubleshooting","Customer Interaction;Physical Stamina;Reliability","Technical Drawing;Workshop Practice;Apprenticeship","NVQ Level 4;VTA Certificate;German Tech Diploma",High,High,45000,"100,000-600,000",Low,"Very High",Low,"A specialized role as a Carpenter within the Skilled Trades & Vocational sector in Sri Lanka.",Medium,1,High,High,"NVQ Level 3",carpenter;skilled;trades;;vocational
126,"Skilled Trades & Vocational",Welder,Any,O/L,"None (Vocational Path)","NVQ Level 4 in Welder","Junior Welder","Senior Welder","Head of Welder","Technical Repair;Tool Handling;Safety Protocols;Troubleshooting","Customer Interaction;Physical Stamina;Reliability","Technical Drawing;Workshop Practice;Apprenticeship","NVQ Level 4;VTA Certificate;German Tech Diploma",High,High,45000,"100,000-600,000",Low,"Very High",Low,"A specialized role as a Welder within the Skilled Trades & Vocational sector in Sri Lanka.",Medium,1,High,High,"NVQ Level 3",welder;skilled;trades;;vocational
127,"Skilled Trades & Vocational","Automobile Mechanic",Any,O/L,"None (Vocational Path)","NVQ Level 4 in Automobile Mechanic","Junior Automobile Mechanic","Senior Automobile Mechanic","Head of Automobile Mechanic","Technical Repair;Tool Handling;Safety Protocols;Troubleshooting","Customer Interaction;Physical Stamina;Reliability","Technical Drawing;Workshop Practice;Apprenticeship","NVQ Level 4;VTA Certificate;German Tech Diploma",High,High,45000,"100,000-600,000",Low,"Very High",Low,"A specialized role as a Automobile Mechanic within the Skilled Trades & Vocational sector in Sri Lanka.",Medium,1,High,High,"NVQ Level 3",automobile;mechanic;skilled;trades;;vocational
128,"Skilled Trades & Vocational","AC Technician",Any,O/L,"None (Vocational Path)","NVQ Level 4 in AC Technician","Junior AC Technician","Senior AC Technician","Head of AC Technician","Technical Repair;Tool Handling;Safety Protocols;Troubleshooting","Customer Interaction;Physical Stamina;Reliability","Technical Drawing;Workshop Practice;Apprenticeship","NVQ Level 4;VTA Certificate;German Tech Diploma",High,High,45000,"100,000-600,000",Low,"Very High",Low,"A specialized role as a AC Technician within the Skilled Trades & Vocational sector in Sri Lanka.",Medium,1,High,High,"NVQ Level 3",ac;technician;skilled;trades;;vocational
129,"Skilled Trades & Vocational","Electronics Repair Technician",Any,O/L,"None (Vocational Path)","NVQ Level 4 in Electronics Repair Technician","Junior Electronics Repair Technician","Senior Electronics Repair Technician","Head of Electronics Repair Technician","Technical Repair;Tool Handling;Safety Protocols;Troubleshooting","Customer Interaction;Physical Stamina;Reliability","Technical Drawing;Workshop Practice;Apprenticeship","NVQ Level 4;VTA Certificate;German Tech Diploma",High,High,45000,"100,000-600,000",Low,"Very High",Low,"A specialized role as a Electronics Repair Technician within the Skilled Trades & Vocational sector in Sri Lanka.",Medium,1,High,High,"NVQ Level 3",electronics;repair;technician;skilled;trades;;vocational
130,"Skilled Trades & Vocational",Mason,Any,O/L,"None (Vocational Path)","NVQ Level 4 in Mason","Junior Mason","Senior Mason","Head of Mason","Technical Repair;Tool Handling;Safety Protocols;Troubleshooting","Customer Interaction;Physical Stamina;Reliability","Technical Drawing;Workshop Practice;Apprenticeship","NVQ Level 4;VTA Certificate;German Tech Diploma",High,High,45000,"100,000-600,000",Low,"Very High",Low,"A specialized role as a Mason within the Skilled Trades & Vocational sector in Sri Lanka.",Medium,1,High,High,"NVQ Level 3",mason;skilled;trades;;vocational
131,"Skilled Trades & Vocational",Painter,Any,O/L,"None (Vocational Path)","NVQ Level 4 in Painter","Junior Painter","Senior Painter","Head of Painter","Technical Repair;Tool Handling;Safety Protocols;Troubleshooting","Customer Interaction;Physical Stamina;Reliability","Technical Drawing;Workshop Practice;Apprenticeship","NVQ Level 4;VTA Certificate;German Tech Diploma",High,High,45000,"100,000-600,000",Low,"Very High",Low,"A specialized role as a Painter within the Skilled Trades & Vocational sector in Sri Lanka.",Medium,1,High,High,"NVQ Level 3",painter;skilled;trades;;vocational
132,"Skilled Trades & Vocational",Tiler,Any,O/L,"None (Vocational Path)","NVQ Level 4 in Tiler","Junior Tiler","Senior Tiler","Head of Tiler","Technical Repair;Tool Handling;Safety Protocols;Troubleshooting","Customer Interaction;Physical Stamina;Reliability","Technical Drawing;Workshop Practice;Apprenticeship","NVQ Level 4;VTA Certificate;German Tech Diploma",High,High,45000,"100,000-600,000",Low,"Very High",Low,"A specialized role as a Tiler within the Skilled Trades & Vocational sector in Sri Lanka.",Medium,1,High,High,"NVQ Level 3",tiler;skilled;trades;;vocational
133,"Skilled Trades & Vocational",Beautician,Any,O/L,"None (Vocational Path)","NVQ Level 4 in Beautician","Junior Beautician","Senior Beautician","Head of Beautician","Technical Repair;Tool Handling;Safety Protocols;Troubleshooting","Customer Interaction;Physical Stamina;Reliability","Technical Drawing;Workshop Practice;Apprenticeship","NVQ Level 4;VTA Certificate;German Tech Diploma",High,High,45000,"100,000-600,000",Low,"Very High",Low,"A specialized role as a Beautician within the Skilled Trades & Vocational sector in Sri Lanka.",Medium,1,High,High,"NVQ Level 3",beautician;skilled;trades;;vocational
134,"Skilled Trades & Vocational",Tailor,Any,O/L,"None (Vocational Path)","NVQ Level 4 in Tailor","Junior Tailor","Senior Tailor","Head of Tailor","Technical Repair;Tool Handling;Safety Protocols;Troubleshooting","Customer Interaction;Physical Stamina;Reliability","Technical Drawing;Workshop Practice;Apprenticeship","NVQ Level 4;VTA Certificate;German Tech Diploma",High,High,45000,"100,000-600,000",Low,"Very High",Low,"A specialized role as a Tailor within the Skilled Trades & Vocational sector in Sri Lanka.",Medium,1,High,High,"NVQ Level 3",tailor;skilled;trades;;vocational
135,"Skilled Trades & Vocational",Barber,Any,O/L,"None (Vocational Path)","NVQ Level 4 in Barber","Junior Barber","Senior Barber","Head of Barber","Technical Repair;Tool Handling;Safety Protocols;Troubleshooting","Customer Interaction;Physical Stamina;Reliability","Technical Drawing;Workshop Practice;Apprenticeship","NVQ Level 4;VTA Certificate;German Tech Diploma",High,High,45000,"100,000-600,000",Low,"Very High",Low,"A specialized role as a Barber within the Skilled Trades & Vocational sector in Sri Lanka.",Medium,1,High,High,"NVQ Level 3",barber;skilled;trades;;vocational
136,"Agri-Tech & Sustainability","Agricultural Scientist",Any,A/L,"BSc in Agricultural Scientist","External Diploma","Junior Agricultural Scientist","Senior Agricultural Scientist","Head of Agricultural Scientist","Sustainable Farming;Environment Assessment;Bio-Systems;Data Collection","Passion for Nature;Observation;Integrity","Soil Science;Crop Physiology;Eco-friendly Tech","Green Consultant;Agri-Business Management Diploma",High,High,80000,"250,000-1,200,000",Medium,Medium,Low,"A specialized role as a Agricultural Scientist within the Agri-Tech & Sustainability sector in Sri Lanka.",Hard,4,High,High,Degree,agricultural;scientist;agri-tech;;sustainability
137,"Agri-Tech & Sustainability","Agricultural Engineer",Any,A/L,"BSc in Agricultural Engineer","External Diploma","Junior Agricultural Engineer","Senior Agricultural Engineer","Head of Agricultural","Sustainable Farming;Environment Assessment;Bio-Systems;Data Collection","Passion for Nature;Observation;Integrity","Soil Science;Crop Physiology;Eco-friendly Tech","Green Consultant;Agri-Business Management Diploma",High,High,80000,"250,000-1,200,000",Medium,Medium,Low,"A specialized role as a Agricultural Engineer within the Agri-Tech & Sustainability sector in Sri Lanka.",Hard,4,High,High,Degree,agricultural;engineer;agri-tech;;sustainability
138,"Agri-Tech & Sustainability","Hydroponics Specialist",Any,A/L,"BSc in Hydroponics Specialist","External Diploma","Junior Hydroponics Specialist","Senior Hydroponics Specialist","Head of Hydroponics","Sustainable Farming;Environment Assessment;Bio-Systems;Data Collection","Passion for Nature;Observation;Integrity","Soil Science;Crop Physiology;Eco-friendly Tech","Green Consultant;Agri-Business Management Diploma",High,High,80000,"250,000-1,200,000",Medium,Medium,Low,"A specialized role as a Hydroponics Specialist within the Agri-Tech & Sustainability sector in Sri Lanka.","Very Hard",4,High,High,Degree,hydroponics;specialist;agri-tech;;sustainability
139,"Agri-Tech & Sustainability","Agribusiness Manager",Any,A/L,"BSc in Agribusiness Manager","External Diploma","Junior Agribusiness Manager","Senior Agribusiness Manager","Head of Agribusiness Manager","Sustainable Farming;Environment Assessment;Bio-Systems;Data Collection","Passion for Nature;Observation;Integrity","Soil Science;Crop Physiology;Eco-friendly Tech","Green Consultant;Agri-Business Management Diploma",High,High,80000,"250,000-1,200,000",Medium,Medium,Low,"A specialized role as a Agribusiness Manager within the Agri-Tech & Sustainability sector in Sri Lanka.",Hard,4,High,High,Degree,agribusiness;manager;agri-tech;;sustainability
140,"Agri-Tech & Sustainability","Sustainability Consultant",Any,A/L,"BSc in Sustainability Consultant","External Diploma","Junior Sustainability Consultant","Senior Sustainability Consultant","Head of Sustainability Consultant","Sustainable Farming;Environment Assessment;Bio-Systems;Data Collection","Passion for Nature;Observation;Integrity","Soil Science;Crop Physiology;Eco-friendly Tech","Green Consultant;Agri-Business Management Diploma",High,High,80000,"250,000-1,200,000",Medium,Medium,Low,"A specialized role as a Sustainability Consultant within the Agri-Tech & Sustainability sector in Sri Lanka.",Hard,4,High,High,Degree,sustainability;consultant;agri-tech;;sustainability
141,"Agri-Tech & Sustainability","Environmental Scientist",Any,A/L,"BSc in Environmental Scientist","External Diploma","Junior Environmental Scientist","Senior Environmental Scientist","Head of Environmental Scientist","Sustainable Farming;Environment Assessment;Bio-Systems;Data Collection","Passion for Nature;Observation;Integrity","Soil Science;Crop Physiology;Eco-friendly Tech","Green Consultant;Agri-Business Management Diploma",High,High,80000,"250,000-1,200,000",Medium,Medium,Low,"A specialized role as a Environmental Scientist within the Agri-Tech & Sustainability sector in Sri Lanka.",Hard,4,High,High,Degree,environmental;scientist;agri-tech;;sustainability
142,"Modern Finance","Fintech Analyst",Any,A/L,"BSc in Fintech Analyst","External Diploma","Junior Fintech Analyst","Senior Fintech Analyst","Head of Fintech","Blockchain Protocols;Fintech Security;Digital Assets;Data Privacy","Forward Thinking;Analytical Rigor;Ethics","Crypto-economics;Digital Banking;Network Finance","Certified Blockchain Professional;Fintech Specialization",High,High,80000,"250,000-1,200,000",Medium,Medium,Low,"A specialized role as a Fintech Analyst within the Modern Finance sector in Sri Lanka.",Hard,4,High,High,Degree,fintech;analyst;modern;finance
143,"Modern Finance","Cryptocurrency Analyst",Any,A/L,"BSc in Cryptocurrency Analyst","External Diploma","Junior Cryptocurrency Analyst","Senior Cryptocurrency Analyst","Head of Cryptocurrency","Blockchain Protocols;Fintech Security;Digital Assets;Data Privacy","Forward Thinking;Analytical Rigor;Ethics","Crypto-economics;Digital Banking;Network Finance","Certified Blockchain Professional;Fintech Specialization",High,High,80000,"250,000-1,200,000",Medium,Medium,Low,"A specialized role as a Cryptocurrency Analyst within the Modern Finance sector in Sri Lanka.",Hard,4,High,High,Degree,cryptocurrency;analyst;modern;finance
144,"Modern Finance","Blockchain Finance Specialist",Any,A/L,"BSc in Blockchain Finance Specialist","External Diploma","Junior Blockchain Finance Specialist","Senior Blockchain Finance Specialist","Head of Blockchain Finance","Blockchain Protocols;Fintech Security;Digital Assets;Data Privacy","Forward Thinking;Analytical Rigor;Ethics","Crypto-economics;Digital Banking;Network Finance","Certified Blockchain Professional;Fintech Specialization",High,High,80000,"250,000-1,200,000",Medium,Medium,Low,"A specialized role as a Blockchain Finance Specialist within the Modern Finance sector in Sri Lanka.","Very Hard",4,High,High,Degree,blockchain;finance;specialist;modern;finance
145,"Modern Finance","Digital Payments Specialist",Any,A/L,"BSc in Digital Payments Specialist","External Diploma","Junior Digital Payments Specialist","Senior Digital Payments Specialist","Head of Digital Payments","Blockchain Protocols;Fintech Security;Digital Assets;Data Privacy","Forward Thinking;Analytical Rigor;Ethics","Crypto-economics;Digital Banking;Network Finance","Certified Blockchain Professional;Fintech Specialization",High,High,80000,"250,000-1,200,000",Medium,Medium,Low,"A specialized role as a Digital Payments Specialist within the Modern Finance sector in Sri Lanka.","Very Hard",4,High,High,Degree,digital;payments;specialist;modern;finance
